{
  "cpu_usage": [
    18.7,
    19.7,
    16.8,
    26.6,
    21.6,
    33.0,
    21.1,
    34.1,
    27.0,
    29.9,
    51.3,
    32.7,
    28.7,
    28.9,
    31.4,
    29.4,
    35.1,
    32.4,
    33.5,
    35.3,
    36.0,
    34.2,
    42.7,
    36.4,
    40.5,
    38.5,
    39.9,
    39.9,
    41.5,
    38.8,
    39.9,
    40.7,
    41.4,
    42.7,
    41.9,
    42.2,
    40.9,
    46.1,
    42.3,
    39.9,
    41.8,
    46.6,
    41.8,
    41.6,
    41.8,
    45.3,
    41.6,
    41.0,
    41.9,
    45.4,
    41.2,
    41.7,
    41.9,
    41.6,
    41.6,
    41.8,
    40.6,
    46.2,
    42.5,
    45.8,
    42.3,
    40.6,
    42.1,
    42.3,
    44.9,
    40.9,
    44.4,
    41.2,
    42.2,
    45.1,
    40.8,
    41.7,
    43.6,
    42.1,
    41.8,
    46.6,
    42.4,
    45.6,
    40.6,
    44.5,
    42.2,
    41.8,
    41.3,
    41.5,
    40.8,
    41.9,
    41.5,
    41.0,
    46.7,
    42.6,
    22.5
  ],
  "memory_usage": [
    59.2,
    59.2,
    59.1,
    59.2,
    59.3,
    59.7,
    59.7,
    60.2,
    60.1,
    60.2,
    60.6,
    60.5,
    60.6,
    60.7,
    60.8,
    60.9,
    61.2,
    61.2,
    61.2,
    61.2,
    61.3,
    61.4,
    61.4,
    61.4,
    61.6,
    61.8,
    61.7,
    61.8,
    62.2,
    62.2,
    62.2,
    62.3,
    62.3,
    62.3,
    62.4,
    62.3,
    62.3,
    62.5,
    62.4,
    62.4,
    62.5,
    62.5,
    62.5,
    62.7,
    62.7,
    62.7,
    62.9,
    62.9,
    62.9,
    63.0,
    63.0,
    63.0,
    63.0,
    63.0,
    63.0,
    63.0,
    63.0,
    63.0,
    63.1,
    63.1,
    63.1,
    63.1,
    63.1,
    63.1,
    63.1,
    63.1,
    63.2,
    63.2,
    63.2,
    63.2,
    63.2,
    63.2,
    63.2,
    63.2,
    63.2,
    63.2,
    63.2,
    63.2,
    63.2,
    63.2,
    63.2,
    63.2,
    63.2,
    63.2,
    63.2,
    63.1,
    63.1,
    63.1,
    63.1,
    63.1,
    62.4
  ],
  "avg_cpu": 38.97582417582417,
  "avg_memory": 62.1956043956044,
  "max_cpu": 51.3,
  "max_memory": 63.2
}