{
  "cpu_usage": [
    17.1,
    20.5,
    20.2,
    20.1,
    15.9,
    23.7,
    16.0,
    21.1,
    20.5,
    27.5,
    19.0,
    26.7,
    29.7,
    30.6,
    27.9,
    24.7,
    37.3,
    34.1,
    37.0,
    33.8,
    56.3,
    42.0,
    54.9,
    44.5,
    42.0,
    38.9,
    39.4,
    50.7,
    38.8,
    39.7,
    75.1,
    33.0,
    37.4,
    41.8,
    33.5,
    39.4,
    32.2,
    33.7,
    39.9,
    34.7,
    34.2,
    37.3,
    38.8,
    36.4,
    45.2,
    37.8,
    38.8,
    44.3,
    36.3,
    37.9,
    42.0,
    34.1,
    35.3,
    38.4,
    35.6,
    38.0,
    44.7,
    38.0,
    38.9,
    40.2,
    37.9,
    40.8,
    38.1,
    36.4,
    44.0,
    36.5,
    37.3,
    41.9,
    40.5,
    36.8,
    42.2,
    36.4,
    50.0,
    41.8,
    48.9,
    41.2,
    44.1,
    35.4,
    44.4,
    44.5,
    43.5,
    41.6,
    41.5,
    50.6,
    38.4,
    46.6,
    43.3,
    42.9,
    35.8,
    47.9,
    9.5,
    11.6
  ],
  "memory_usage": [
    57.5,
    57.5,
    57.9,
    57.7,
    57.5,
    57.6,
    57.6,
    57.8,
    57.6,
    57.5,
    57.5,
    57.9,
    58.5,
    57.9,
    58.5,
    58.7,
    58.7,
    59.1,
    59.5,
    59.1,
    59.4,
    59.9,
    60.1,
    60.7,
    61.0,
    61.0,
    61.3,
    61.2,
    61.0,
    61.3,
    61.3,
    61.0,
    61.0,
    61.2,
    61.1,
    61.3,
    61.2,
    61.4,
    61.4,
    61.6,
    61.6,
    61.8,
    61.7,
    62.0,
    62.0,
    62.0,
    62.2,
    62.3,
    62.3,
    62.5,
    62.5,
    62.5,
    62.5,
    62.6,
    62.5,
    62.6,
    62.5,
    62.6,
    62.5,
    62.6,
    62.5,
    62.6,
    62.4,
    62.6,
    62.5,
    62.6,
    62.5,
    62.6,
    62.7,
    62.6,
    62.8,
    62.6,
    62.6,
    62.7,
    62.8,
    62.8,
    62.9,
    62.7,
    63.0,
    62.7,
    62.9,
    62.7,
    62.9,
    62.6,
    62.7,
    62.9,
    62.8,
    63.0,
    62.8,
    63.3,
    62.2,
    62.4
  ],
  "avg_cpu": 36.91086956521739,
  "avg_memory": 61.2304347826087,
  "max_cpu": 75.1,
  "max_memory": 63.3
}