{
  "cpu_usage": [
    20.0,
    18.6,
    15.6,
    20.7,
    16.6,
    20.9,
    16.7,
    20.7,
    19.3,
    23.8,
    20.3,
    24.8,
    21.6,
    26.8,
    25.3,
    26.9,
    24.4,
    30.8,
    25.7,
    31.8,
    29.5,
    34.3,
    29.2,
    37.5,
    30.7,
    39.4,
    36.4,
    38.8,
    35.1,
    44.8,
    37.2,
    42.4,
    39.6,
    44.6,
    43.8,
    42.9,
    46.3,
    39.2,
    49.5,
    41.6,
    46.4,
    48.6,
    44.0,
    45.8,
    49.5,
    41.5,
    46.2,
    49.1,
    44.5,
    43.9,
    50.3,
    48.8,
    45.5,
    46.0,
    46.2,
    45.4,
    42.0,
    44.6,
    40.3,
    44.5,
    41.1,
    43.5,
    42.6,
    44.0,
    43.7,
    42.6,
    38.7,
    47.1,
    40.8,
    42.5,
    44.2,
    45.9,
    50.7,
    52.5,
    45.6,
    42.0,
    48.9,
    58.6,
    44.0,
    56.6,
    47.2,
    46.9,
    50.6,
    44.2,
    50.1,
    45.6,
    45.8,
    52.6,
    47.1,
    56.8,
    14.4
  ],
  "memory_usage": [
    58.0,
    57.9,
    57.9,
    58.0,
    57.9,
    58.0,
    58.0,
    58.3,
    58.3,
    58.5,
    58.5,
    58.7,
    58.7,
    59.0,
    58.9,
    59.0,
    59.1,
    59.3,
    59.3,
    59.5,
    59.5,
    59.8,
    59.8,
    60.0,
    60.0,
    60.2,
    60.2,
    60.4,
    60.5,
    60.7,
    60.6,
    60.9,
    60.9,
    61.1,
    61.1,
    61.3,
    61.4,
    61.4,
    61.6,
    61.7,
    62.0,
    61.9,
    62.0,
    61.9,
    61.9,
    62.0,
    62.0,
    62.0,
    62.0,
    62.0,
    62.1,
    62.0,
    62.2,
    62.1,
    62.2,
    62.2,
    62.2,
    62.2,
    62.1,
    62.3,
    62.2,
    62.3,
    62.1,
    62.2,
    62.1,
    62.2,
    62.2,
    62.3,
    62.2,
    62.3,
    62.2,
    62.3,
    62.3,
    62.4,
    62.3,
    62.2,
    62.2,
    62.3,
    62.1,
    62.2,
    62.3,
    62.2,
    62.3,
    62.3,
    62.2,
    62.1,
    62.1,
    62.1,
    62.2,
    62.0,
    61.5
  ],
  "avg_cpu": 39.16593406593407,
  "avg_memory": 61.02307692307692,
  "max_cpu": 58.6,
  "max_memory": 62.4
}