{
  "cpu_usage": [
    24.2,
    14.4,
    15.4,
    21.0,
    16.0,
    22.4,
    17.5,
    25.2,
    18.3,
    26.6,
    18.0,
    22.6,
    19.5,
    23.4,
    20.8,
    24.2,
    23.5,
    28.2,
    25.4,
    28.5,
    27.8,
    32.6,
    29.3,
    35.0,
    29.0,
    34.8,
    35.9,
    32.7,
    32.2,
    39.6,
    30.1,
    38.7,
    32.6,
    35.9,
    37.7,
    37.5,
    34.2,
    41.8,
    35.1,
    42.0,
    39.4,
    39.8,
    41.2,
    46.8,
    42.1,
    46.3,
    41.9,
    44.2,
    45.1,
    47.9,
    39.9,
    47.2,
    42.4,
    45.5,
    40.7,
    46.6,
    43.0,
    41.8,
    49.1,
    40.1,
    43.2,
    40.1,
    42.9,
    48.2,
    43.8,
    45.3,
    47.8,
    43.4,
    41.8,
    40.5,
    49.5,
    51.6,
    45.9,
    49.4,
    41.5,
    51.4,
    39.8,
    52.6,
    39.8,
    48.2,
    43.4,
    47.6,
    53.7,
    44.5,
    48.3,
    39.7,
    46.5,
    39.9,
    43.6,
    23.9,
    13.7
  ],
  "memory_usage": [
    61.6,
    61.4,
    61.4,
    61.4,
    61.2,
    61.3,
    61.2,
    61.5,
    61.4,
    61.8,
    61.7,
    61.8,
    61.8,
    62.0,
    61.8,
    62.0,
    62.0,
    62.1,
    62.1,
    62.2,
    62.2,
    62.3,
    62.3,
    62.2,
    62.2,
    62.5,
    62.5,
    62.6,
    62.6,
    62.7,
    62.6,
    62.7,
    62.7,
    62.7,
    62.7,
    62.6,
    62.6,
    62.7,
    62.6,
    62.7,
    62.7,
    62.8,
    62.7,
    62.8,
    62.8,
    62.9,
    62.9,
    62.9,
    62.9,
    63.0,
    62.9,
    63.0,
    62.9,
    63.0,
    62.9,
    63.0,
    62.9,
    62.9,
    62.8,
    62.9,
    62.9,
    63.0,
    63.1,
    63.0,
    62.9,
    62.9,
    63.1,
    62.9,
    62.9,
    62.9,
    63.1,
    62.9,
    62.9,
    63.1,
    62.9,
    63.0,
    62.9,
    63.1,
    62.9,
    63.0,
    62.9,
    63.0,
    63.0,
    62.9,
    62.8,
    62.8,
    62.9,
    62.8,
    62.9,
    61.8,
    61.9
  ],
  "avg_cpu": 36.83626373626374,
  "avg_memory": 62.53956043956044,
  "max_cpu": 53.7,
  "max_memory": 63.1
}