{
  "cpu_usage": [
    20.5,
    21.1,
    18.1,
    24.2,
    24.8,
    22.6,
    21.7,
    25.8,
    20.0,
    26.0,
    22.9,
    27.7,
    23.1,
    27.0,
    24.4,
    28.4,
    25.0,
    30.6,
    27.5,
    31.8,
    30.4,
    36.7,
    36.6,
    34.0,
    34.8,
    31.2,
    40.2,
    33.6,
    36.8,
    39.8,
    37.6,
    35.1,
    40.7,
    38.0,
    40.3,
    44.8,
    42.5,
    42.7,
    43.9,
    43.5,
    47.0,
    50.7,
    45.1,
    46.1,
    46.3,
    46.5,
    47.9,
    47.6,
    45.5,
    47.0,
    45.1,
    42.8,
    42.6,
    49.4,
    37.9,
    47.9,
    37.5,
    45.4,
    37.9,
    47.2,
    37.9,
    47.3,
    38.4,
    44.0,
    40.0,
    44.0,
    37.5,
    49.7,
    37.3,
    43.6,
    40.0,
    42.9,
    39.1,
    41.4,
    37.6,
    41.5,
    39.4,
    45.8,
    39.3,
    40.8,
    36.6,
    40.9,
    37.4,
    39.5,
    37.5,
    39.2,
    36.6,
    38.9,
    37.8,
    29.9,
    10.3
  ],
  "memory_usage": [
    56.4,
    56.8,
    57.0,
    57.1,
    57.3,
    57.3,
    57.2,
    57.9,
    58.1,
    58.2,
    58.3,
    58.5,
    58.6,
    58.8,
    59.0,
    59.1,
    59.3,
    59.6,
    59.6,
    59.9,
    60.1,
    60.2,
    60.3,
    60.3,
    60.4,
    60.4,
    60.7,
    60.7,
    60.9,
    60.9,
    61.0,
    61.1,
    61.5,
    61.4,
    61.7,
    61.7,
    61.9,
    62.0,
    62.2,
    62.1,
    62.3,
    62.4,
    62.4,
    62.6,
    62.5,
    62.6,
    62.5,
    62.7,
    62.5,
    62.6,
    62.4,
    62.6,
    62.5,
    62.6,
    62.5,
    62.7,
    62.4,
    62.5,
    62.4,
    62.6,
    62.5,
    62.6,
    62.5,
    62.6,
    62.5,
    62.7,
    62.6,
    62.7,
    62.6,
    62.7,
    62.6,
    62.6,
    62.5,
    62.6,
    62.6,
    62.8,
    62.6,
    62.8,
    62.7,
    62.9,
    62.7,
    62.8,
    62.7,
    62.8,
    62.7,
    62.7,
    62.6,
    62.8,
    62.6,
    61.9,
    61.9
  ],
  "avg_cpu": 37.05384615384615,
  "avg_memory": 61.28241758241758,
  "max_cpu": 50.7,
  "max_memory": 62.9
}