{
  "cpu_usage": [
    13.4,
    22.2,
    17.6,
    28.1,
    17.5,
    26.1,
    17.2,
    27.8,
    18.8,
    27.9,
    19.6,
    30.2,
    23.0,
    31.7,
    30.2,
    33.6,
    25.2,
    37.1,
    25.2,
    36.2,
    27.9,
    40.6,
    40.5,
    31.4,
    39.5,
    34.9,
    44.3,
    33.1,
    54.6,
    34.5,
    48.2,
    41.0,
    49.2,
    37.8,
    51.0,
    40.8,
    50.0,
    50.3,
    52.4,
    45.0,
    55.6,
    40.1,
    53.5,
    48.4,
    51.9,
    46.5,
    51.2,
    46.3,
    52.1,
    42.8,
    51.0,
    47.8,
    45.4,
    37.4,
    51.9,
    44.6,
    42.1,
    39.4,
    41.3,
    36.2,
    41.4,
    39.1,
    40.9,
    38.4,
    39.1,
    36.8,
    41.7,
    40.2,
    38.4,
    37.2,
    37.0,
    43.5,
    38.9,
    36.0,
    42.6,
    35.7,
    37.0,
    39.6,
    37.3,
    37.6,
    38.3,
    35.9,
    39.1,
    37.2,
    37.5,
    39.3,
    37.5,
    36.0,
    37.3,
    36.0,
    34.5,
    15.8
  ],
  "memory_usage": [
    58.4,
    58.3,
    58.2,
    58.4,
    58.4,
    58.6,
    58.6,
    58.7,
    58.9,
    59.1,
    59.1,
    59.5,
    59.5,
    59.6,
    59.7,
    59.8,
    59.9,
    60.1,
    60.2,
    60.3,
    60.4,
    60.4,
    60.5,
    60.7,
    60.7,
    60.9,
    60.9,
    60.9,
    61.1,
    61.1,
    61.3,
    61.3,
    61.4,
    61.5,
    61.7,
    61.7,
    61.8,
    61.8,
    62.0,
    62.0,
    62.1,
    62.1,
    62.4,
    62.8,
    62.8,
    62.9,
    63.0,
    63.0,
    63.2,
    63.2,
    63.1,
    63.2,
    63.1,
    63.1,
    63.2,
    63.3,
    63.3,
    63.1,
    63.1,
    63.0,
    63.0,
    63.2,
    63.2,
    63.2,
    63.2,
    63.2,
    63.2,
    63.0,
    63.2,
    63.1,
    63.1,
    63.1,
    63.2,
    63.2,
    63.3,
    63.2,
    63.2,
    63.1,
    63.1,
    63.1,
    63.2,
    63.1,
    63.2,
    63.2,
    63.2,
    63.2,
    63.2,
    63.1,
    63.2,
    63.1,
    62.3,
    62.3
  ],
  "avg_cpu": 37.868478260869566,
  "avg_memory": 61.80217391304348,
  "max_cpu": 55.6,
  "max_memory": 63.3
}